{
  "id": "2438201",
  "name": "vue",
  "font_family": "iconfont",
  "css_prefix_text": "icon-",
  "description": "",
  "glyphs": [
    {
      "icon_id": "7618",
      "name": "设置",
      "font_class": "shezhi",
      "unicode": "e600",
      "unicode_decimal": 58880
    },
    {
      "icon_id": "689262",
      "name": "类目 品类 分类 类别",
      "font_class": "leimupinleifenleileibie",
      "unicode": "e7f9",
      "unicode_decimal": 59385
    },
    {
      "icon_id": "949557",
      "name": "店铺",
      "font_class": "dianpu",
      "unicode": "e655",
      "unicode_decimal": 58965
    },
    {
      "icon_id": "1276831",
      "name": "消息",
      "font_class": "xiaoxi",
      "unicode": "e67a",
      "unicode_decimal": 59002
    },
    {
      "icon_id": "1440886",
      "name": "返回顶部 ",
      "font_class": "fanhuidingbu",
      "unicode": "e633",
      "unicode_decimal": 58931
    },
    {
      "icon_id": "2729551",
      "name": "客服",
      "font_class": "kefu",
      "unicode": "e624",
      "unicode_decimal": 58916
    },
    {
      "icon_id": "6241506",
      "name": "关闭",
      "font_class": "guanbi",
      "unicode": "e62a",
      "unicode_decimal": 58922
    },
    {
      "icon_id": "7587956",
      "name": "垃圾桶",
      "font_class": "lajitong",
      "unicode": "e615",
      "unicode_decimal": 58901
    },
    {
      "icon_id": "10292039",
      "name": "删 除",
      "font_class": "shanchu",
      "unicode": "e614",
      "unicode_decimal": 58900
    },
    {
      "icon_id": "11756205",
      "name": "购物车",
      "font_class": "V",
      "unicode": "e715",
      "unicode_decimal": 59157
    },
    {
      "icon_id": "12889877",
      "name": "个人中心",
      "font_class": "gerenzhongxin",
      "unicode": "e626",
      "unicode_decimal": 58918
    },
    {
      "icon_id": "13191353",
      "name": "更多",
      "font_class": "gengduo",
      "unicode": "e625",
      "unicode_decimal": 58917
    },
    {
      "icon_id": "15167708",
      "name": "收藏",
      "font_class": "shoucang",
      "unicode": "e61d",
      "unicode_decimal": 58909
    },
    {
      "icon_id": "15517652",
      "name": "搜索",
      "font_class": "sousuo",
      "unicode": "e601",
      "unicode_decimal": 58881
    },
    {
      "icon_id": "15779728",
      "name": "扫一扫",
      "font_class": "saoyisao",
      "unicode": "e708",
      "unicode_decimal": 59144
    },
    {
      "icon_id": "15847845",
      "name": "首页",
      "font_class": "shouye",
      "unicode": "e605",
      "unicode_decimal": 58885
    },
    {
      "icon_id": "16388175",
      "name": "返回",
      "font_class": "fanhui",
      "unicode": "e60a",
      "unicode_decimal": 58890
    }
  ]
}
